頁面,待補說明,來源資料夾
zh,合作夥伴與贊助商 Logo 待補 —— 來源 TCRFC_資料收件夾/09_PARTNERS_合作夥伴與贊助/ （目前整個單元的收件夾為空，尚未取得任何夥伴名稱、Logo 與合作說明。 依規劃書後台 E1，夥伴 Logo 需提供深淺底兩版）,TCRFC_資料收件夾/09_PARTNERS_合作夥伴與贊助/ （目前整個單元的收件夾為空
zh/about/ecosystem,生態系圖解目前以四大體系（一線隊／學院／課程／女足）為主架構，若客戶另有更完整的生態系版本（例如納入慈善、球迷會等延伸圈層），請提供 TCRFC_資料收件夾/02_ABOUT_關於磐石★/2.6_生態系介紹/ 內對應說明（目前資料夾為空，僅有系統 Icon 檔）。,TCRFC_資料收件夾/02_ABOUT_關於磐石★/2.6_生態系介紹/ 內對應說明（目前資料夾為空
zh/about/governance,組織架構圖待補 —— 來源 TCRFC_資料收件夾/02_ABOUT_關於磐石★/2.5_治理與管理（組織圖、章程、年報PDF）/ （目前資料夾為空，僅有系統 Icon 檔，尚未收到組織圖檔案）,TCRFC_資料收件夾/02_ABOUT_關於磐石★/2.5_治理與管理（組織圖、章程、年報PDF
zh/about/governance,治理原則內容待補 —— 來源同上 TCRFC_資料收件夾/02_ABOUT_關於磐石★/2.5_治理與管理（組織圖、章程、年報PDF）/ （資料夾目前無檔案，需另行向俱樂部確認治理原則文字，例如董事會／管理層組成、決策機制、財務監督方式等）,TCRFC_資料收件夾/02_ABOUT_關於磐石★/2.5_治理與管理（組織圖、章程、年報PDF
zh/about/governance,PDF,
zh/about/governance,檔案待補 —— 來源 TCRFC_資料收件夾/02_ABOUT_關於磐石★/2.5_治理與管理（組織圖、章程、年報PDF）/,TCRFC_資料收件夾/02_ABOUT_關於磐石★/2.5_治理與管理（組織圖、章程、年報PDF
zh/about/governance,PDF,
zh/about/governance,檔案待補 —— 來源同上，尚未收到任何年份的年報 PDF,
zh/about/history,俱樂部完整圖文歷史敘事待補 —— 來源 TCRFC_資料收件夾/02_ABOUT_關於磐石★/2.7_俱樂部歷程/ （目前資料夾為空，僅有系統 Icon 檔，尚未收到任何文字或照片素材）,TCRFC_資料收件夾/02_ABOUT_關於磐石★/2.7_俱樂部歷程/ （目前資料夾為空
zh/about/history,篇章一：創立與草創期 內容待補,
zh/about/history,篇章二：組織成形與首季戰果 內容待補,
zh/about/history,篇章三：國際交流與體系擴展 內容待補,
zh/about/milestones,2024 年度更完整的里程碑內容待補 —— 來源 TCRFC_資料收件夾/02_ABOUT_關於磐石★/2.8_重要里程碑（依年份，每年一資料夾）/2024/2024.gdoc （Google Docs 捷徑尚未取回；下列項目為目前可確認的事實與已發布消息，正確日期待與客戶核對）,TCRFC_資料收件夾/02_ABOUT_關於磐石★/2.8_重要里程碑（依年份
zh/about/milestones,2025 年度更完整的里程碑內容待補 —— 來源 TCRFC_資料收件夾/02_ABOUT_關於磐石★/2.8_重要里程碑（依年份，每年一資料夾）/2025/2025.gdoc （Google Docs 捷徑尚未取回；下列項目取自俱樂部已發布消息）,TCRFC_資料收件夾/02_ABOUT_關於磐石★/2.8_重要里程碑（依年份
zh/about/milestones,2026 年度更完整的里程碑內容待補 —— 來源 TCRFC_資料收件夾/02_ABOUT_關於磐石★/2.8_重要里程碑（依年份，每年一資料夾）/2026/2026.gdoc （Google Docs 捷徑尚未取回；下列項目取自俱樂部已發布消息，且僅涵蓋至 2026-08-10）,TCRFC_資料收件夾/02_ABOUT_關於磐石★/2.8_重要里程碑（依年份
zh/about/our-people,瑪 總教練 瑪蒂諾 Matino Sofia 托 教練 托馬斯・卡斯泰洛 Thomas Castello 儒 守門員教練 儒利亞諾・羅德里格斯 Juliano Rodrigues 江 體能教練 江奕璠 徐 青訓總監 徐翊 許 青訓教練 許志傑 黃 青訓教練 黃聖傑,
zh/about/our-people,陳 技術顧問 陳曉明,
zh/about/our-story,俱樂部完整沿革敘事（創立緣起、關鍵轉折、發展階段）待補 —— 來源 TCRFC_資料收件夾/02_ABOUT_關於磐石★/2.1_我們的故事（沿革介紹文＋照片）/我們的故事.gdoc （目前為 Google Docs 捷徑，尚未取回文字內容）,TCRFC_資料收件夾/02_ABOUT_關於磐石★/2.1_我們的故事（沿革介紹文＋照片
zh/about/our-story,俱樂部照片待選用與取得授權 —— 來源資料夾內已有多張現場照片（含團隊大合照），惟尚未確認可公開使用之肖像授權範圍，故本次不逕行匯入。來源 TCRFC_資料收件夾/02_ABOUT_關於磐石★/2.1_我們的故事（沿革介紹文＋照片）/ 引言區塊待補 —— 需俱樂部授權之管理層或創辦人原話，不可代擬。來源同上,TCRFC_資料收件夾/02_ABOUT_關於磐石★/2.1_我們的故事（沿革介紹文＋照片
zh/about/philosophy,足球理念完整敘述文字待補 —— 來源 TCRFC_資料收件夾/02_ABOUT_關於磐石★/2.3_足球理念與四大核心價值/足球理念.gdoc （目前為 Google Docs 捷徑，尚未取回文字內容）,TCRFC_資料收件夾/02_ABOUT_關於磐石★/2.3_足球理念與四大核心價值/足球理念.gdoc （目前為 Google Docs 捷徑
zh/about/philosophy,該資料夾命名為「四大核心價值」，惟目前已確認之官方版本為 五大核心價值 （見下方展開）。此命名落差建議與客戶核對，確認是否為資料夾命名沿用舊版，以免正式內文與展開項目對不上。來源同上 .../2.3_足球理念與四大核心價值/四大核心價值.gdoc,
zh/about/vision-mission,願景完整敘述文字待補 —— 來源 TCRFC_資料收件夾/02_ABOUT_關於磐石★/2.2_願景與使命/2.2_願景與使命.gdoc （目前為 Google Docs 捷徑，尚未取回文字內容）,TCRFC_資料收件夾/02_ABOUT_關於磐石★/2.2_願景與使命/2.2_願景與使命.gdoc （目前為 Google Docs 捷徑
zh/about/vision-mission,願景條列重點待補（圖示條列版型已備妥，待內文確認後填入 3–5 條）,
zh/about/vision-mission,使命完整敘述文字待補 —— 來源同上 TCRFC_資料收件夾/02_ABOUT_關於磐石★/2.2_願景與使命/2.2_願景與使命.gdoc,TCRFC_資料收件夾/02_ABOUT_關於磐石★/2.2_願景與使命/2.2_願景與使命.gdoc
zh/about/vision-mission,使命條列重點待補（圖示條列版型已備妥，待內文確認後填入 3–5 條）,
zh/academy/coaches,照片與簡介待補 —— 來源 4.5_學院教練團（每人一資料夾：姓名）/青訓總監_徐翊/ （目前資料夾為空）。,
zh/academy/coaches,簡介、證照與專長待補 —— 來源同上資料夾（僅有一張照片，無文字資料）。,
zh/academy/coaches,照片與簡介待補 —— 來源 4.5_學院教練團（每人一資料夾：姓名）/青訓教練_黃聖傑/ （目前資料夾為空）。,
zh/academy/coaches,三位教練的證照等級、專長領域與各自負責的梯隊（U15／U14／U12）待補 —— 目前收件夾僅提供姓名與職稱， 無證照、專長或帶隊分工資訊，來源同上。,
zh/academy/curriculum,完整訓練理念全文待補 —— 來源 TCRFC_資料收件夾/04_ACADEMY_磐石足球學院/4.4_訓練課程與課綱/ 內的 Google 文件捷徑，內容尚未匯出取回，僅檔名本身保留了上述節錄文字。,TCRFC_資料收件夾/04_ACADEMY_磐石足球學院/4.4_訓練課程與課綱/ 內的 Google 文件捷徑
zh/academy/curriculum,待補,
zh/academy/curriculum,待補,
zh/academy/curriculum,待補,
zh/academy/curriculum,待補,
zh/academy/curriculum,待補,
zh/academy/curriculum,課綱細節與週期規劃表待補 —— 來源同上資料夾（目前僅有一份未匯出的 Google 文件捷徑）。,
zh/academy/join,招生對象細節（年齡區間、名額、是否分區招收）待補 —— 來源 TCRFC_資料收件夾/04_ACADEMY_磐石足球學院/4.7_加入學院★（招生簡章、遴選流程、費用表）/ （目前資料夾為空）。,TCRFC_資料收件夾/04_ACADEMY_磐石足球學院/4.7_加入學院★（招生簡章、遴選流程、費用表
zh/academy/join,報名方式與所需資料待補，來源同上。可先透過下方「線上申請」與我們聯繫。,
zh/academy/join,試訓場次日期、地點與對象待補，來源同上（詳見下方「試訓資訊」）。,
zh/academy/join,評估標準與方式待補，來源同上。,
zh/academy/join,通知方式與後續報到流程待補，來源同上。,
zh/academy/join,試訓場次（日期、地點、對象、名額、報名截止）待補 —— 來源同上資料夾，目前無任何試訓場次資料。,
zh/academy/join,待補,
zh/academy/join,待補,
zh/academy/join,待補,
zh/academy/join,待補,
zh/academy/join,費用與資訊表待補 —— 來源同上資料夾（目前資料夾為空）。上線前務必補齊，避免公告錯誤金額。,
zh/academy/join,「學院招生」主題常見問題（前 5 題）待補 —— 來源 TCRFC_資料收件夾/12_FAQ_常見問題★（現有的客服問答、LINE常見詢問、招生Q&A都可以直接丟）/常見問題 FAQ.gdoc 為 Google 文件捷徑，內容尚未匯出取回；且全站 FAQ 模組（單元 12）與嵌入元件 G-12 尚未建置。,TCRFC_資料收件夾/12_FAQ_常見問題★（現有的客服問答、LINE常見詢問、招生Q&A都可以直接丟
zh/academy/life,訓練與比賽影音待補 —— 客戶收件夾中尚未提供影片素材；可考慮改嵌入官方 YouTube 頻道 @TCRFC-2024 的公開播放清單，待頻道整理完成後補上。,
zh/academy/overview,學院訓練基地介紹（場地、時段、各梯隊分佈）待補 —— 來源 TCRFC_資料收件夾/04_ACADEMY_磐石足球學院/4.1_學院總覽與數據亮點★/ （目前資料夾為空）。已知俱樂部主場為西屯足球場（台中市北屯區崇平路二段景谷巷 11 弄 41 號）， 惟學院各梯隊訓練場地是否相同、是否有其他訓練基地，需向客戶確認後才能寫入。,TCRFC_資料收件夾/04_ACADEMY_磐石足球學院/4.1_學院總覽與數據亮點★/ （目前資料夾為空
zh/academy/overview,學員數 待補 —— 來源同上資料夾，目前無在學學員人數統計。,
zh/academy/overview,教練數 ——已知學院教練團編制 3 人（見 4.5 學院教練團 ），惟是否含兼任／各梯隊助教需再確認後才能列為正式統計數字。,
zh/academy/overview,升學率 待補 —— 來源同上資料夾，目前無學員升學／銜接一線隊或海外的統計數字。,
zh/academy/pathway,各階段詳細說明（升級標準、時程、銜接方式）待補 —— 來源 TCRFC_資料收件夾/04_ACADEMY_磐石足球學院/4.3_學院發展路徑/發展路徑.gdoc 為 Google 文件捷徑，內容尚未匯出取回，目前僅能確認路徑的三個階段名稱（規劃書 §3.4／行 198–211）。,TCRFC_資料收件夾/04_ACADEMY_磐石足球學院/4.3_學院發展路徑/發展路徑.gdoc 為 Google 文件捷徑
zh/academy/pathway,U12 階段的訓練重點與升級標準待補，來源同上。,
zh/academy/pathway,U15 階段的訓練重點與升級標準待補，來源同上。,
zh/academy/pathway,銜接一線隊或海外訓練／俱樂部的甄選方式待補，來源同上。 另可參考 3.4 國際發展通道 與 3.3 球員機會 。,
zh/academy/teams,U15 隊照與隊伍簡介待補 —— 來源 TCRFC_資料收件夾/04_ACADEMY_磐石足球學院/4.2_學院隊伍★/U15（名單、教練、賽程、隊照）/ （目前資料夾為空）。,TCRFC_資料收件夾/04_ACADEMY_磐石足球學院/4.2_學院隊伍★/U15（名單、教練、賽程、隊照
zh/academy/teams,U15 球員名單待補 —— 來源同上資料夾。,
zh/academy/teams,各梯隊負責教練待補 —— 學院教練團編制 3 人（見 4.5 學院教練團 ），但個別教練負責哪個梯隊尚未提供，不確定前不列入本隊頁面。,
zh/academy/teams,U15 賽程與成績待補 —— 來源同上資料夾；正式上線後將嵌入行事曆模組（單元 13）之 U15 隊別資料，目前該模組尚未建置。,
zh/academy/teams,U14 隊照與隊伍簡介待補 —— 來源 TCRFC_資料收件夾/04_ACADEMY_磐石足球學院/4.2_學院隊伍★/U14（名單、教練、賽程、隊照）/ （目前資料夾為空）。,TCRFC_資料收件夾/04_ACADEMY_磐石足球學院/4.2_學院隊伍★/U14（名單、教練、賽程、隊照
zh/academy/teams,U14 球員名單待補 —— 來源同上資料夾。,
zh/academy/teams,各梯隊負責教練待補，理由同 U15 頁籤。,
zh/academy/teams,U14 賽程與成績待補 —— 來源同上資料夾；待行事曆模組（單元 13）上線後嵌入。,
zh/academy/teams,U12 隊照與隊伍簡介待補 —— 來源 TCRFC_資料收件夾/04_ACADEMY_磐石足球學院/4.2_學院隊伍★/U12（名單、教練、賽程、隊照）/ （目前資料夾為空）。,TCRFC_資料收件夾/04_ACADEMY_磐石足球學院/4.2_學院隊伍★/U12（名單、教練、賽程、隊照
zh/academy/teams,U12 球員名單待補 —— 來源同上資料夾。,
zh/academy/teams,各梯隊負責教練待補，理由同 U15 頁籤。,
zh/academy/teams,U12 賽程與成績待補 —— 來源同上資料夾；待行事曆模組（單元 13）上線後嵌入。,
zh/academy/teams,其他年齡層隊伍資料待補 —— 來源 TCRFC_資料收件夾/04_ACADEMY_磐石足球學院/4.2_學院隊伍★/其他年齡層/ （目前資料夾為空）。收件夾內另有 U16 、 U18 兩個子資料夾（同樣為空）， 是否併入本頁「其他年齡層」或獨立成隊，需向客戶確認後才能定案。,TCRFC_資料收件夾/04_ACADEMY_磐石足球學院/4.2_學院隊伍★/其他年齡層/ （目前資料夾為空
zh/charity/commitment,完整理念說明文字待補 —— 來源 TCRFC_資料收件夾/11_CHARITY_慈善與社會影響/11.1_慈善理念與投入領域/以足球深耕在地，陪伴孩子成長.gdoc （Google Docs 捷徑尚未取回，以上為依規劃書 §11 與五大核心價值推導的結構性引導文字，非客戶原文）,TCRFC_資料收件夾/11_CHARITY_慈善與社會影響/11.1_慈善理念與投入領域/以足球深耕在地
zh/charity/impact-stories,待補 —— 來源 TCRFC_資料收件夾/11_CHARITY_慈善與社會影響/11.3_慈善事蹟紀錄（每筆一資料夾：YYYY-MM-DD_公益團體名稱）/2025-05-03_台中磐石盃少年足球隊伍/2025-05-03_台中磐石盃少年足球隊伍.gdoc （Google Docs 捷徑尚未取回）,TCRFC_資料收件夾/11_CHARITY_慈善與社會影響/11.3_慈善事蹟紀錄（每筆一資料夾：YYYY-MM-DD_公益團體名稱
zh/charity/impact-stories,待補,
zh/charity/impact-stories,待補,
zh/charity/impact-stories,本筆紀錄內容待補 —— 來源 TCRFC_資料收件夾/11_CHARITY_慈善與社會影響/11.3_慈善事蹟紀錄（每筆一資料夾：YYYY-MM-DD_公益團體名稱）/2024-07-23_潭秀國中暨嶺東高中聯隊/2024-07-23_潭秀國中暨嶺東高中聯隊.gdoc （Google Docs 捷徑尚未取回，且資料夾內無圖片）,TCRFC_資料收件夾/11_CHARITY_慈善與社會影響/11.3_慈善事蹟紀錄（每筆一資料夾：YYYY-MM-DD_公益團體名稱
zh/charity/our-impact,累計統計數字待補 —— 來源 TCRFC_資料收件夾/11_CHARITY_慈善與社會影響/11.4_影響力數據與公益團體Logo/ （目前資料夾為空，僅有系統 Icon 檔）。「已公開紀錄的慈善事蹟」為目前站上 11.3 慈善事蹟 頁面實際列出的筆數，非估計值。 依規劃書， 金額類數據原則上不公開 ，因此不設「累計捐助金額」統計項。,TCRFC_資料收件夾/11_CHARITY_慈善與社會影響/11.4_影響力數據與公益團體Logo/ （目前資料夾為空
zh/charity/our-impact,名單僅涵蓋 11.3 慈善事蹟 已收到的三筆紀錄資料夾名稱；完整合作公益團體名單與 Logo 待客戶提供 TCRFC_資料收件夾/11_CHARITY_慈善與社會影響/11.4_影響力數據與公益團體Logo/ 。,TCRFC_資料收件夾/11_CHARITY_慈善與社會影響/11.4_影響力數據與公益團體Logo/ 
zh/charity/programs,慈善計畫清單待補 —— 來源 TCRFC_資料收件夾/11_CHARITY_慈善與社會影響/11.2_慈善計畫（每案一資料夾：計畫名稱）/慈善計畫.gdoc （目前資料夾僅有共用說明文件的 Google Docs 捷徑，尚未依「每案一資料夾」的規則建立個別計畫資料。 下方為版型骨架，計畫名稱、對象、期間與狀態待客戶提供後填入。）,TCRFC_資料收件夾/11_CHARITY_慈善與社會影響/11.2_慈善計畫（每案一資料夾：計畫名稱
zh/charity/programs,計畫緣起（為何啟動這項計畫、背景說明）,
zh/charity/programs,受贈公益團體名稱,
zh/charity/programs,捐助內容（金錢、物資或服務項目與數量）,
zh/charity/programs,執行過程（時間軸或分階段說明）,
zh/charity/programs,活動圖片藝廊,
zh/charity/programs,相關報導（連結至 7.7 社區活動新聞）,
zh/charity,慈善捐款平台網域待補 —— 客戶尚未確認慈善站網域名稱。本頁「前往慈善捐款平台」按鈕目前為 disabled 佔位；網域一旦印上 QR Code 就難以更動，須最優先確認。,
zh/charity,慈善捐款平台尚未開發 —— 球迷捐款自規劃書 v2.1 起改由獨立網域的慈善捐款平台承接（掃碼入口、LINE Pay、電子發票與捐贈收據），規格見 output/TCRFC_慈善捐款平台功能規劃書.md。本站僅保留介紹與導流。,
zh/charity,勸募資格與捐贈收據資格待確認 —— 屬慈善捐款平台的上線前提，須由俱樂部與會計師／法務確認後才能決定發票模式與是否開放公開募款。,
zh/club/first-team,球隊完整介紹文稿（隊史敘事、球風定位、本季目標等）待補 —— 來源 TCRFC_資料收件夾/03_FOOTBALL_CLUB_一線隊與球員發展/3.1_一線隊D1★/01_球隊介紹與合照/ （目前資料夾僅有合照，尚無文字說明）,TCRFC_資料收件夾/03_FOOTBALL_CLUB_一線隊與球員發展/3.1_一線隊D1★/01_球隊介紹與合照/ （目前資料夾僅有合照
zh/club/first-team,執教經歷與證照待補 —— 來源 3.1_一線隊D1★/03_教練團/總教練_Matino Sofia 瑪蒂諾/ （現況為 Google Docs 捷徑，尚未取回文字內容）,
zh/club/first-team,執教經歷與證照待補 —— 來源 3.1_一線隊D1★/03_教練團/教練_Thomas Castello 托馬斯・卡斯泰洛/ （現況為 Google Docs 捷徑，尚未取回文字內容）,
zh/club/first-team,執教經歷與證照待補 —— 來源 3.1_一線隊D1★/03_教練團/守門員教練_ Juliano Rodrigues 儒利亞諾・羅德里格斯/ （現況為 Google Docs 捷徑，尚未取回文字內容）,
zh/club/first-team,執教經歷與證照待補 —— 來源 3.1_一線隊D1★/03_教練團/體能教練_江奕璠/ （現況為 Google Docs 捷徑，尚未取回文字內容）,
zh/club/first-team,積分榜為人工維護項目，不串接外部 API —— 賽季開打後由後台管理端逐輪更新（積分、勝負和局、進失球數）。目前無可顯示的排名資料。,
zh/club/first-team,—,
zh/club/first-team,其餘榮譽紀錄（歷屆盃賽、個人獎項等）待補 —— 來源 TCRFC_資料收件夾/03_FOOTBALL_CLUB_一線隊與球員發展/3.1_一線隊D1★/05_榮譽紀錄與獎盃照/ （目前僅有 1 張獎盃照片，無文字紀錄）,TCRFC_資料收件夾/03_FOOTBALL_CLUB_一線隊與球員發展/3.1_一線隊D1★/05_榮譽紀錄與獎盃照/ （目前僅有 1 張獎盃照片
zh/club/first-team/player,出生日期、身高體重、慣用腳、加入年份等其餘基本資料待補 —— 來源 TCRFC_資料收件夾/03_FOOTBALL_CLUB_一線隊與球員發展/3.1_一線隊D1★/02_球員名單（每人一資料夾：背號_姓名）/MF 中場/11_楊朝景/,TCRFC_資料收件夾/03_FOOTBALL_CLUB_一線隊與球員發展/3.1_一線隊D1★/02_球員名單（每人一資料夾：背號_姓名
zh/club/first-team/player,生涯出賽、進球、助攻等統計數字待補 —— 俱樂部賽事資料全數人工維護，將於後台建立球員統計模組後回填，目前無可顯示的數字。,
zh/club/first-team/player,本季出賽紀錄待補 —— 賽季開打後由後台依場次逐一更新先發／替補、上場時間與個人數據。,
zh/club/first-team/player,相關新聞待補 —— 正式站將依球員姓名自動關聯 最新消息 中提及該球員的報導，目前新聞內文尚未取回（見 news.json 之 body_zh ）。,
zh/club/first-team/player,球員相關影片待補 —— 尚未取得授權可用之比賽或訪談影片素材。,
zh/club/international-pathways,各俱樂部合作內容（青訓交流／試訓機制／申請流程等）待補 —— 來源 TCRFC_資料收件夾/03_FOOTBALL_CLUB_一線隊與球員發展/3.3_國際發展通道（歐洲／日本／香港、合作俱樂部Logo）/ （目前僅有 3 個俱樂部標誌檔案，尚無合作內容文字說明）,TCRFC_資料收件夾/03_FOOTBALL_CLUB_一線隊與球員發展/3.3_國際發展通道（歐洲／日本／香港、合作俱樂部Logo
zh/club/international-pathways,日本分區合作單位與內容待補 —— 來源同上（目前資料夾內無日本相關素材）,
zh/club/international-pathways,與香港球隊之正式合作內容（若有）待補 —— 目前僅有球員個人旅外紀錄，無俱樂部間協議文件。,
zh/club/international-pathways,申請流程細節待補 —— 來源同 3.3 國際發展通道資料夾,
zh/club/opportunities,報名資格細節（年齡、等級、必備文件等）待補 —— 來源 TCRFC_資料收件夾/03_FOOTBALL_CLUB_一線隊與球員發展/3.3_加入球隊與試訓資訊/ （目前資料夾為空）,TCRFC_資料收件夾/03_FOOTBALL_CLUB_一線隊與球員發展/3.3_加入球隊與試訓資訊/ （目前資料夾為空
zh/club/opportunities,目前尚無公告中的試訓場次 —— 來源 TCRFC_資料收件夾/03_FOOTBALL_CLUB_一線隊與球員發展/3.3_加入球隊與試訓資訊/ （目前資料夾為空）。場次公告後將以此表列出日期、地點、對象、名額與報名截止，並提供線上報名連結。,TCRFC_資料收件夾/03_FOOTBALL_CLUB_一線隊與球員發展/3.3_加入球隊與試訓資訊/ （目前資料夾為空
zh/club/opportunities,外籍球員招募的資格條件、簽證與名額規範待補 —— 來源同 3.3 加入球隊與試訓資訊資料夾（目前資料夾為空）,
zh/club/player-development,說明、訓練方法、負責教練、成效案例連結待補 —— 來源 TCRFC_資料收件夾/03_FOOTBALL_CLUB_一線隊與球員發展/3.2_球員發展系統（八大模組說明）/ （目前資料夾為空）,TCRFC_資料收件夾/03_FOOTBALL_CLUB_一線隊與球員發展/3.2_球員發展系統（八大模組說明
zh/club/player-development,說明、訓練方法、負責教練、成效案例連結待補 —— 來源同上（資料夾為空）,
zh/club/player-development,說明、訓練方法、負責教練、成效案例連結待補 —— 來源同上（資料夾為空）,
zh/club/player-development,說明、訓練方法、負責教練、成效案例連結待補 —— 來源同上（資料夾為空）,
zh/club/player-development,說明、訓練方法、負責教練、成效案例連結待補 —— 來源同上（資料夾為空）,
zh/club/player-development,說明、訓練方法、負責教練、成效案例連結待補 —— 來源同上（資料夾為空）,
zh/club/player-development,說明、訓練方法、負責教練、成效案例連結待補 —— 來源同上（資料夾為空）,
zh/club/player-development,說明、訓練方法、負責教練、成效案例連結待補 —— 來源同上（資料夾為空）,
zh/club/player-stories,故事內文待補 —— 來源 TCRFC_資料收件夾/03_FOOTBALL_CLUB_一線隊與球員發展/3.4_球員故事案例（每案一資料夾：球員姓名）/孫恩祈/ （文稿為 Google Docs 捷徑，尚未取回）,TCRFC_資料收件夾/03_FOOTBALL_CLUB_一線隊與球員發展/3.4_球員故事案例（每案一資料夾：球員姓名
zh/club/player-stories,故事內文待補 —— 來源 TCRFC_資料收件夾/03_FOOTBALL_CLUB_一線隊與球員發展/3.4_球員故事案例（每案一資料夾：球員姓名）/山內大空/ （文稿為 Google Docs 捷徑，尚未取回）,TCRFC_資料收件夾/03_FOOTBALL_CLUB_一線隊與球員發展/3.4_球員故事案例（每案一資料夾：球員姓名
zh/club/player-stories,故事內文待補 —— 來源 TCRFC_資料收件夾/03_FOOTBALL_CLUB_一線隊與球員發展/3.4_球員故事案例（每案一資料夾：球員姓名）/楊朝景/ （文稿為 Google Docs 捷徑，尚未取回）,TCRFC_資料收件夾/03_FOOTBALL_CLUB_一線隊與球員發展/3.4_球員故事案例（每案一資料夾：球員姓名
zh/cookies,Cookie 政策正式條文與實際使用的 Cookie／追蹤工具清單待補 —— 客戶尚未提供相關文件（收件夾同隱私權政策，見 TCRFC_資料收件夾/10_JOIN_CONTACT_加入與聯絡★/04_隱私政策與個資同意條款（若已有）/ ）。 本站正式導入分析、行銷等追蹤碼時，須依規劃書 G-07「Cookie 同意與隱私政策」採 GDPR 友善作法： 追蹤碼於使用者同意後才載入 ，並提供管理偏好的入口。,TCRFC_資料收件夾/10_JOIN_CONTACT_加入與聯絡★/04_隱私政策與個資同意條款（若已有
zh/cookies,說明 Cookie 的基本概念與作用。,
zh/cookies,實際使用項目待補,
zh/cookies,實際使用項目待補,
zh/cookies,實際使用項目待補（如導入 GA4 等分析工具）,
zh/cookies,實際使用項目待補,
zh/cookies,說明 Cookie 同意橫幅的操作方式，以及使用者如何隨時透過瀏覽器設定或本站偏好中心調整同意範圍。,
zh/cookies,列出可能涉及的第三方服務（如 Shopify 商店結帳、社群嵌入、影音嵌入等）及其各自的隱私政策連結。,
zh/cookies,說明政策修訂之公告方式與生效時間。,
zh/culture/fan-club,入會方案內容待補 —— 來源 TCRFC_資料收件夾/08_CULTURE_磐石文化/8.2_球迷會（方案、福利對照、活動照片）/官方球迷會方案.gdoc （Google Docs 捷徑，尚未取回實際文稿）,TCRFC_資料收件夾/08_CULTURE_磐石文化/8.2_球迷會（方案、福利對照、活動照片
zh/culture/fan-club,福利分級對照表待補 —— 來源同上（官方球迷會方案.gdoc 尚未取回）,
zh/culture/fan-club,活動名稱與說明待補,
zh/culture/fan-club,活動名稱與說明待補,
zh/culture/fan-club,活動名稱、日期與活動說明待補 —— 來源 TCRFC_資料收件夾/08_CULTURE_磐石文化/8.2_球迷會（方案、福利對照、活動照片）/ （僅提供 4 張活動照片，檔案時間為 2026-04-26，無文字說明）,TCRFC_資料收件夾/08_CULTURE_磐石文化/8.2_球迷會（方案、福利對照、活動照片
zh/culture/fan-club,年費金額、是否開設家庭方案、各方案含幾件球衣待補 —— 屬客戶決策項目（規劃書第 10 章待確認第 3、4 點）。,
zh/culture/fan-club,球季起訖日與季中入會計價規則待補 —— 會籍採球季制，需確認球季起訖，以及季中入會是否按比例折價（規劃書第 10 章待確認第 5 點）。,
zh/culture/fan-club,球衣尺碼表待補 —— 提供給會員選擇的尺碼範圍（成人／童裝）與依尺寸的備貨策略（規劃書第 10 章待確認第 8 點）。,
zh/culture/fan-club,球迷活動列表待補 —— 來源 TCRFC_資料收件夾/08_CULTURE_台中磐石文化★/8.2_球迷會/ 目前無活動資料，活動卡為空殼。,TCRFC_資料收件夾/08_CULTURE_台中磐石文化★/8.2_球迷會/
zh/culture/manga,企劃緣起與世界觀文案待補 —— 來源 TCRFC_資料收件夾/08_CULTURE_磐石文化/8.1_磐石漫畫/01_企劃緣起與世界觀/ （目前資料夾為空，客戶尚未放入文稿）,TCRFC_資料收件夾/08_CULTURE_磐石文化/8.1_磐石漫畫/01_企劃緣起與世界觀/ （目前資料夾為空
zh/culture/manga,角色設定與原型球員關聯待補 —— 來源 TCRFC_資料收件夾/08_CULTURE_磐石文化/8.1_磐石漫畫/02_角色介紹（每角色一資料夾）/ （目前資料夾為空）,TCRFC_資料收件夾/08_CULTURE_磐石文化/8.1_磐石漫畫/02_角色介紹（每角色一資料夾
zh/culture/manga,集數標題與發布日待補,
zh/culture/manga,集數標題與發布日待補,
zh/culture/manga,集數標題與發布日待補,
zh/culture/manga,集數原稿待補 —— 來源 TCRFC_資料收件夾/08_CULTURE_磐石文化/8.1_磐石漫畫/03_集數原稿（每集一資料夾：EP01…，頁序請照檔名排序）/ （目前資料夾為空）,TCRFC_資料收件夾/08_CULTURE_磐石文化/8.1_磐石漫畫/03_集數原稿（每集一資料夾：EP01…
zh/culture/merchandise,Shopify 商店連結待補 —— 客戶尚未提供商品頁網址。過渡期間，厚底緩震機能襪與台中磐石主場球衣可透過舊官網 www.tcrfc.tw 的 Wix 商店選購；Shopify 商店尚未開站。 本頁「立即選購」按鈕待 Shopify 連結取得後補上，屆時將以新分頁開啟。,
zh/culture/merchandise,（連結待補）,
zh/culture/merchandise,（連結待補）,
zh/culture/merchandise,商品內容待補 —— 來源 TCRFC_資料收件夾/08_CULTURE_磐石文化/8.3_官方商品（商品照、系列介紹、Shopify連結）/ （目前僅收到俱樂部商品照片）,TCRFC_資料收件夾/08_CULTURE_磐石文化/8.3_官方商品（商品照、系列介紹、Shopify連結
zh/culture/merchandise,商品內容待補 —— 來源同上,
zh/culture/merchandise,（連結待補） 過渡期間可先透過舊官網 www.tcrfc.tw 的 Wix 商店選購。,
zh/faq,本頁問答內容待補 —— 來源 TCRFC_資料收件夾/12_FAQ_常見問題★（現有的客服問答、LINE常見詢問、招生Q&A都可以直接丟）/常見問題 FAQ.gdoc （Google Docs 捷徑尚未取回）。以下十大主題分類與手風琴、搜尋、深層連結、「有幫助嗎」回饋等版型功能已建置完成， 待客戶提供實際問答後，逐題填入即可上線。,TCRFC_資料收件夾/12_FAQ_常見問題★（現有的客服問答、LINE常見詢問、招生Q&A都可以直接丟
zh/faq,問答內容待補 —— 相關表單可先參考 10.1 加入球隊 。,
zh/faq,問答內容待補 —— 相關表單可先參考 4.7 加入學院 。,
zh/faq,問答內容待補 —— 相關資訊可先參考 05 課程與活動 。,
zh/faq,問答內容待補 —— 課程費用尚未由客戶提供，請勿於本頁列出任何金額。,
zh/faq,問答內容待補 —— 相關資訊可先參考 3.3 球員機會 。,
zh/faq,問答內容待補 —— 相關資訊可先參考 3.4 國際發展通道 。,
zh/faq,問答內容待補 —— 女足球隊名單與賽程請見 06 女子足球 ，並導向台中藍鯨女子隊官網。,
zh/faq,問答內容待補 —— 相關資訊可先參考 8.2 磐石球迷會 與 8.3 官方商品 。,
zh/faq,問答內容待補 —— 相關資訊可先參考 9.4 贊助方案 。,
zh/faq,問答內容待補。,
zh/join/academy,未成年學員個資保存期限說明待補 —— 規劃書明訂「入會表單須載明個資使用目的與同意條款」且未成年學員資料須取得監護人同意（行 915、1060），但未定義實際保存年限。正式上線前需由客戶／法務確認保存期限並更新本段文字。,
zh/join/academy,收件 Email 待補 —— 來源 TCRFC_資料收件夾/10_JOIN_CONTACT★/01_九類表單的收件人Email與部門 （目前資料夾為空，正式上線前需由客戶提供各表單收件信箱）。,TCRFC_資料收件夾/10_JOIN_CONTACT★/01_九類表單的收件人Email與部門 （目前資料夾為空
zh/join/camp-registration,營隊梯次與報名截止日待補 —— 來源規劃書 05 課程頁面之課表與報名區塊（行 218、410），實際梯次與名額尚未由客戶提供，正式上線前需改為梯次下拉選單。,
zh/join/camp-registration,未成年學員個資與健康聲明保存期限說明待補 —— 規劃書明訂未成年學員資料須取得監護人同意（行 915、1060），但未定義健康聲明等敏感資料的保存年限。正式上線前需由客戶／法務確認保存期限並更新本段文字。,
zh/join/camp-registration,收件 Email 待補 —— 來源 TCRFC_資料收件夾/10_JOIN_CONTACT★/01_九類表單的收件人Email與部門 （目前資料夾為空，正式上線前需由客戶提供各表單收件信箱）。,TCRFC_資料收件夾/10_JOIN_CONTACT★/01_九類表單的收件人Email與部門 （目前資料夾為空
zh/join/childrens-training,未成年學員個資保存期限說明待補 —— 規劃書明訂未成年學員資料須取得監護人同意（行 915、1060），但未定義實際保存年限。正式上線前需由客戶／法務確認保存期限並更新本段文字。,
zh/join/childrens-training,收件 Email 待補 —— 來源 TCRFC_資料收件夾/10_JOIN_CONTACT★/01_九類表單的收件人Email與部門 （目前資料夾為空，正式上線前需由客戶提供各表單收件信箱）。,TCRFC_資料收件夾/10_JOIN_CONTACT★/01_九類表單的收件人Email與部門 （目前資料夾為空
zh/join/contact,總機電話待補 —— 來源為 Google Docs 捷徑尚未取回（客戶收件夾 10_JOIN_CONTACT★ ）。,
zh/join/contact,聯絡 Email 待補 —— 來源為 Google Docs 捷徑尚未取回。,
zh/join/contact,營業時間待補 —— 來源為 Google Docs 捷徑尚未取回。,
zh/join/contact,各部門分機待補 —— 來源為 Google Docs 捷徑尚未取回。九類表單的收件單位對應可先參考 加入與聯絡總覽 （競技部／學院部／課程部／國際部／商務部／公關／行政）。,
zh/join/general,個資保存期限說明待補 —— 規劃書僅載明表單須含「保存期限說明」（行 330），未定義各表單實際保存年限。正式上線前需由客戶／法務確認保存期限並更新本段文字。,
zh/join/general,收件 Email 待補 —— 來源 TCRFC_資料收件夾/10_JOIN_CONTACT★/01_九類表單的收件人Email與部門 （目前資料夾為空，正式上線前需由客戶提供各表單收件信箱）。,TCRFC_資料收件夾/10_JOIN_CONTACT★/01_九類表單的收件人Email與部門 （目前資料夾為空
zh/join/international-player,Data retention period not yet defined 保存期限說明待補 — the planning document only requires forms to state a retention period (line 330) without specifying one. To be confirmed by the client / legal counsel before launch.,
zh/join/international-player,Recipient email not yet available 收件 Email 待補 — source: TCRFC_資料收件夾/10_JOIN_CONTACT★/01_九類表單的收件人Email與部門 （folder currently empty; client to provide before launch）。,TCRFC_資料收件夾/10_JOIN_CONTACT★/01_九類表單的收件人Email與部門 （folder currently empty; client to provide before launch
zh/join/location,場地名稱與地址待補 —— 來源 TCRFC_資料收件夾/10_JOIN_CONTACT★/02_場地位置 （目前資料夾為空）。,TCRFC_資料收件夾/10_JOIN_CONTACT★/02_場地位置 （目前資料夾為空
zh/join/location,詳細地址、場地照片與交通指引待補 —— 來源 TCRFC_資料收件夾/10_JOIN_CONTACT★/02_場地位置 （目前資料夾為空，僅確認場地名稱）。,TCRFC_資料收件夾/10_JOIN_CONTACT★/02_場地位置 （目前資料夾為空
zh/join/location,場地名稱與地址待補 —— 來源 TCRFC_資料收件夾/10_JOIN_CONTACT★/02_場地位置 （目前資料夾為空）。,TCRFC_資料收件夾/10_JOIN_CONTACT★/02_場地位置 （目前資料夾為空
zh/join/location,地圖嵌入待補 —— 場地地址與經緯度尚未取得，暫以此區塊佔位。正式上線前需依 output/TCRFC_前後台功能規劃書.md 行 849「場地管理：場地名稱、地址、經緯度、交通說明、照片」補齊後嵌入地圖。,
zh/join/location,停車資訊與建議路線待補 —— 來源同上，資料夾為空。,
zh/join/location,公車／捷運轉乘資訊待補 —— 來源同上，資料夾為空。,
zh/join/location,Google Maps／Apple Maps 導航連結待補，需先取得各場地正確地址。,
zh/join/media,個資保存期限說明待補 —— 規劃書僅載明表單須含「保存期限說明」（行 330），未定義各表單實際保存年限。正式上線前需由客戶／法務確認保存期限並更新本段文字。,
zh/join/media,收件 Email 待補 —— 來源 TCRFC_資料收件夾/10_JOIN_CONTACT★/01_九類表單的收件人Email與部門 （目前資料夾為空，正式上線前需由客戶提供各表單收件信箱）。,TCRFC_資料收件夾/10_JOIN_CONTACT★/01_九類表單的收件人Email與部門 （目前資料夾為空
zh/join/partnership,個資保存期限說明待補 —— 規劃書僅載明表單須含「保存期限說明」（行 330），未定義各表單實際保存年限。正式上線前需由客戶／法務確認保存期限並更新本段文字。,
zh/join/partnership,收件 Email 待補 —— 來源 TCRFC_資料收件夾/10_JOIN_CONTACT★/01_九類表單的收件人Email與部門 （目前資料夾為空，正式上線前需由客戶提供各表單收件信箱）。,TCRFC_資料收件夾/10_JOIN_CONTACT★/01_九類表單的收件人Email與部門 （目前資料夾為空
zh/join/player,個資保存期限說明待補 —— 規劃書僅載明表單須含「保存期限說明」（行 330），未定義各表單實際保存年限。正式上線前需由客戶／法務確認保存期限並更新本段文字。,
zh/join/player,收件 Email 待補 —— 來源 TCRFC_資料收件夾/10_JOIN_CONTACT★/01_九類表單的收件人Email與部門 （目前資料夾為空，正式上線前需由客戶提供各表單收件信箱）。,TCRFC_資料收件夾/10_JOIN_CONTACT★/01_九類表單的收件人Email與部門 （目前資料夾為空
zh/member,LINE 一鍵登入與綁定待串接 —— 客戶尚未提供 LINE 官方帳號資訊（Channel ID／Secret）。本頁登入按鈕目前為 disabled 佔位。,
zh/member,會員卡 QR、會籍付款與開通、球衣登記屬後端開發項目，本頁僅完成前端版型與流程說明骨架。會費採 LINE Pay 收款連結與現場收款，官網不接金流。,
zh/news/academy,文章待補 —— 來源資料夾 TCRFC_資料收件夾/07_NEWS_新聞與故事★/7.3_學院新聞/ 目前為空， 待客戶提供學院梯隊相關報導後建立文章與「關聯梯隊」欄位。,TCRFC_資料收件夾/07_NEWS_新聞與故事★/7.3_學院新聞/ 目前為空
zh/news/article,作者待補 —— 原稿未標示撰稿人,
zh/news/article,本文內文待補 —— 來源 TCRFC_資料收件夾/07_NEWS_新聞與故事★/7.2_比賽/2026-05-24_企甲聯賽 台中磐石 3-0 銘傳大學/企甲聯賽：台中磐石 3-0 銘傳大學.gdoc 為 Google Docs 捷徑檔，僅含 doc_id ，本機無法讀取內文，需待客戶端授權下載為文字檔後匯入（見 news.json 之 body_zh ，目前為 null ）。,TCRFC_資料收件夾/07_NEWS_新聞與故事★/7.2_比賽/2026-05-24_企甲聯賽 台中磐石 3-0 銘傳大學/企甲聯賽：台中磐石 3-0 銘傳大學.gdoc 為 Google Docs 捷徑檔
zh/news/article,待補 —— 本場為 2025/26 賽季已完賽場次，現行 schedule.json 僅收錄 2026/27 新賽季 21 場賽程，尚無歷史賽季資料可供關聯。,
zh/news/article,待補 —— 目前資料來源未包含逐場先發／替補名單，需待後台建立球員出賽紀錄模組後回填。,
zh/news/article,圖集待補 —— 原始資料夾另有 3 張未轉檔照片（ images: 4 ，僅 1 張已轉為 cover_web ）， 待正式站建立圖庫元件後補上完整賽事花絮。,
zh/news/article,標籤待補 —— news.json 目前僅有分類欄位，無逐篇標籤資料。,
zh/news/match,各篇賽後報導的「關聯賽事」「出賽名單」為結構化欄位，待 CMS 正式上線、逐篇建立與賽程資料的關聯後才會顯示； 比分目前僅呈現在標題文字中。已完成之賽果請見下方列表，未來賽程請見 賽事行事曆 。,
zh/news/media,色彩使用規範（品牌桃紅 #E0218A ／AA 安全版 #D61E83 ／品牌黑 #231916 ）與完整檔案說明見 brand/README.md ； .ai 主檔如需另外提供，請聯繫俱樂部窗口（見下方「媒體聯絡窗口」，目前待補）。,
zh/news/media,新聞稿下載尚未建置 —— 來源資料夾 TCRFC_資料收件夾/07_NEWS_新聞與故事★/7.8_媒體專區（新聞稿、品牌識別包、高解析圖庫）/ 目前僅有系統圖示檔，尚無新聞稿文件。待後台「B3 媒體庫」上線、公關窗口上傳文件並標記為可公開下載後，本區將提供逐篇下載連結。,TCRFC_資料收件夾/07_NEWS_新聞與故事★/7.8_媒體專區（新聞稿、品牌識別包、高解析圖庫
zh/news/media,高解析圖庫尚未建置 —— 目前 83 篇新聞的封面照片僅轉出網頁用尺寸（ site/src/assets/img/news/ ，約 1600px 寬）， 原始高解析檔案仍留在客戶收件夾中（平均每篇另有數張未轉檔照片）。需待後台依規劃書 B3 媒體庫規格， 將標記為「可公開下載」的原始檔整理上架後，才能對外提供高解析下載。,
zh/news/media,媒體詢問專用信箱與聯絡人待補 —— 來源 TCRFC_資料收件夾/10_JOIN_CONTACT★/ 目前為空， 客戶尚未提供公關／媒體詢問收件人。規劃書 10.8 定義此表單應收集「媒體名稱、記者姓名、採訪主題、截稿日」， 由公關角色處理；正式上線前須向客戶確認收件信箱後才能開放此表單。,TCRFC_資料收件夾/10_JOIN_CONTACT★/ 目前為空
zh/news/player-stories,文章待補 —— 來源資料夾 TCRFC_資料收件夾/07_NEWS_新聞與故事★/7.4_球員故事/ 目前為空， 待客戶提供球員專訪稿件後建立文章與「關聯球員」欄位。相關球員基本資料可先參考 一線隊名單 （多數球員 bio_zh 亦待補）。,TCRFC_資料收件夾/07_NEWS_新聞與故事★/7.4_球員故事/ 目前為空
zh/partners/become-a-partner,粉絲數、觸及、學員數等受眾數據待補 —— 來源 TCRFC_資料收件夾/09_PARTNERS_合作夥伴與贊助/9.3_成為夥伴（受眾數據、粉絲數、觸及、學員數）/ （目前資料夾為空）,TCRFC_資料收件夾/09_PARTNERS_合作夥伴與贊助/9.3_成為夥伴（受眾數據、粉絲數、觸及、學員數
zh/partners/opportunities,各方案的內容說明、權益清單與適合對象待補 —— 來源 TCRFC_資料收件夾/09_PARTNERS_合作夥伴與贊助/9.4_贊助方案（九種方案說明）/ （目前資料夾為空；方案名稱依規劃書 §3.9 列出）,TCRFC_資料收件夾/09_PARTNERS_合作夥伴與贊助/9.4_贊助方案（九種方案說明
zh/partners/opportunities,方案內容、權益清單與適合對象待補,
zh/partners/opportunities,方案內容、權益清單與適合對象待補,
zh/partners/opportunities,方案內容、權益清單與適合對象待補,
zh/partners/opportunities,方案內容、權益清單與適合對象待補,
zh/partners/opportunities,方案內容、權益清單與適合對象待補,
zh/partners/opportunities,方案內容、權益清單與適合對象待補,
zh/partners/opportunities,方案內容、權益清單與適合對象待補,
zh/partners/opportunities,方案內容、權益清單與適合對象待補,
zh/partners/opportunities,方案內容、權益清單與適合對象待補,
zh/partners/opportunities,提案簡介 PDF 待補 —— 來源 TCRFC_資料收件夾/09_PARTNERS_合作夥伴與贊助/9.5_贊助提案簡介Deck（可下載的PDF）/ （目前資料夾為空）,TCRFC_資料收件夾/09_PARTNERS_合作夥伴與贊助/9.5_贊助提案簡介Deck（可下載的PDF
zh/partners/opportunities,（PDF 待補，暫無法送出）,
zh/partners/our-partners,合作夥伴名單、Logo 與合作內容全數待補 —— 來源 TCRFC_資料收件夾/09_PARTNERS_合作夥伴與贊助/9.1_合作夥伴（每家一資料夾：公司名，內含Logo與合作說明）/ （目前資料夾為空）,TCRFC_資料收件夾/09_PARTNERS_合作夥伴與贊助/9.1_合作夥伴（每家一資料夾：公司名
zh/partners/our-partners,三家國際合作俱樂部的 合作內容說明 待補 —— 標誌來源 TCRFC_資料收件夾/03_FOOTBALL_CLUB_一線隊與球員發展/3.3_國際發展通道（歐洲／日本／香港、合作俱樂部Logo）/ （客戶把國際夥伴素材放在 03 單元，不在 09_PARTNERS 資料夾內）。 合作事實可交叉參照新聞：與 RC Alcobendas 達成合作協議（2024-11-05）、 與 Rot Weiss Ahlen 簽署合作備忘錄（2025-07-27）、 與 Hellas Verona 簽署合作備忘錄（2025-07-30）。 日後補件時另需 深淺底兩版 （後台 E1 要求）。,TCRFC_資料收件夾/03_FOOTBALL_CLUB_一線隊與球員發展/3.3_國際發展通道（歐洲／日本／香港、合作俱樂部Logo
zh/partners/our-sponsors,贊助商名單、Logo 與等級待補 —— 來源 TCRFC_資料收件夾/09_PARTNERS_合作夥伴與贊助/9.2_贊助商（每家一資料夾：公司名，請註明等級）/ （目前資料夾為空）,TCRFC_資料收件夾/09_PARTNERS_合作夥伴與贊助/9.2_贊助商（每家一資料夾：公司名
zh/partners/our-sponsors,贊助故事待補,
zh/partners/our-sponsors,贊助故事待補,
zh/partners/our-sponsors,贊助故事待補,
zh/perks,特約店家名單待補 —— 客戶尚未提供合作店家資料（店名、Logo／照片、類別、地址、電話、營業時間、地圖連結、優惠內容、適用層級、合作起訖）。本站不做票務，付費會籍價值主要建立在店家折扣與球衣之上，首波名單的數量與品質直接決定付費層能否成立，須於上線前談定。,
zh/perks,店家類別與地區篩選項目待定 —— 需先有店家名單才能決定分類軸。目前篩選器為 disabled 佔位。,
zh/privacy,隱私權政策正式條文待補 —— 來源 TCRFC_資料收件夾/10_JOIN_CONTACT_加入與聯絡★/04_隱私政策與個資同意條款（若已有）/隱私權政策.gdoc （Google Docs 捷徑尚未取回）。以下章節架構依規劃書第 8 節（個資規範）與台灣個人資料保護法一般實務列出， **各章節實際條文須由俱樂部與法務確認後填入**，正式上線前不得留空。規劃書亦明列「各表單保存期限說明」 屬待確認事項（規劃書行 1134：「實際年限未定」）。,TCRFC_資料收件夾/10_JOIN_CONTACT_加入與聯絡★/04_隱私政策與個資同意條款（若已有
zh/privacy,說明本政策適用的網站範圍、服務項目與生效方式。,
zh/privacy,本站透過報名表單、捐款回報、志工報名、會員註冊等管道蒐集的個人資料類別（如姓名、聯絡方式、出生日期、 未成年學員監護人資料等），須逐一列明。,
zh/privacy,說明蒐集個人資料的具體目的（如報名處理、會員服務、活動聯繫、捐款致謝等）。,
zh/privacy,含資料保存期限（規劃書明列此為待確認事項）、利用地區、可能之利用對象（如需委外處理需一併說明）， 以及利用方式。,
zh/privacy,依個人資料保護法，說明當事人得行使之查詢、更正、複製、停止蒐集處理利用及刪除等權利， 以及行使方式與聯絡窗口。,
zh/privacy,說明未成年學員（學院、課程與營隊報名者）之個人資料蒐集須取得監護人同意的具體作法， 對應規劃書「未成年學員資料須取得監護人同意」之要求。,
zh/privacy,說明本站採取之技術與管理措施（如傳輸加密、存取權限控管等）。,
zh/privacy,說明政策修訂之公告方式與生效時間。,
zh/programs/childrens-training,各分級適合的實際年齡區間、每級教學重點與晉級標準待補 —— 來源 TCRFC_資料收件夾/05_PROGRAMS_課程與活動/5.1_兒童足球訓練／台中磐石足球節/ （目前僅有活動照片，分級說明文稿為 Google Docs 捷徑，尚未取回）,TCRFC_資料收件夾/05_PROGRAMS_課程與活動/5.1_兒童足球訓練／台中磐石足球節/ （目前僅有活動照片
zh/programs/childrens-training,是否有其他分齡訓練地點（如衛星訓練點）待補 —— 來源同上資料夾，目前未提供多場地清單,
zh/programs/childrens-training,待補,
zh/programs/childrens-training,待補,
zh/programs/childrens-training,待補,
zh/programs/childrens-training,待補,
zh/programs/childrens-training,待補,
zh/programs/childrens-training,待補,
zh/programs/childrens-training,待補,
zh/programs/childrens-training,待補,
zh/programs/childrens-training,待補,
zh/programs/childrens-training,待補,
zh/programs/childrens-training,待補,
zh/programs/childrens-training,待補,
zh/programs/childrens-training,活動完整報導文稿待補 —— 來源 TCRFC_資料收件夾/.../台中磐石足球節圓滿落幕.gdoc （Google Docs 捷徑，尚未取回原文）,TCRFC_資料收件夾/.../台中磐石足球節圓滿落幕.gdoc （Google Docs 捷徑
zh/programs/school-community,合作內容、適用對象與申請方式待補,
zh/programs/school-community,計畫內容與參與方式待補,
zh/programs/school-community,培訓對象、課綱與認證方式待補,
zh/programs/school-community,校園與社區單元尚無客戶素材（文字、照片皆缺） —— 來源 TCRFC_資料收件夾/05_PROGRAMS_課程與活動/5.5_校園與社區計畫（合作學校名單、方案說明）/ （唯一文件「合作學校.gdoc」為 Google Docs 捷徑，尚未取回原文）,TCRFC_資料收件夾/05_PROGRAMS_課程與活動/5.5_校園與社區計畫（合作學校名單、方案說明
zh/programs/school-community,待補,
zh/programs/school-community,待補,
zh/programs/school-community,待補,
zh/programs/school-community,待補,
zh/programs/school-community,待補,
zh/programs/school-community,待補,
zh/programs/school-community,待補,
zh/programs/school-community,待補,
zh/programs/school-community,待補,
zh/programs/specialist,各專項適合年齡／程度、每期堂數與教學重點待補 —— 來源 TCRFC_資料收件夾/05_PROGRAMS_課程與活動/5.4_專項訓練／台中磐石成人足球班/ （課程說明文稿為 Google Docs 捷徑，尚未取回）,TCRFC_資料收件夾/05_PROGRAMS_課程與活動/5.4_專項訓練／台中磐石成人足球班/ （課程說明文稿為 Google Docs 捷徑
zh/programs/specialist,個別教練姓名、證照等級與專項配置待補 —— 來源同上資料夾。宣傳資料所列班級（初級／中級／進階）為過往「成人足球訓練營」分級方式，與此處六大專項分類的對應關係待客戶確認。,
zh/programs/summer-camp,適合年齡、報名資格與每日課程內容待補 —— 來源 TCRFC_資料收件夾/05_PROGRAMS_課程與活動/5.2_夏令營/ （簡章文稿為 Google Docs 捷徑，尚未取回；資料夾內另有一份第三方合作單位「北美國際蒙特梭利教育機構」印製之 2026 年梯次宣傳圖，內容不代表磐石官方現行梯次，詳見下方合作夥伴說明）,TCRFC_資料收件夾/05_PROGRAMS_課程與活動/5.2_夏令營/ （簡章文稿為 Google Docs 捷徑
zh/programs/summer-camp,夏令營授課教練名單待補 —— 來源同上資料夾。一線隊與學院教練團可參考 一線隊 ／ 學院教練團 頁面，惟夏令營實際授課教練配置尚待客戶確認。,
zh/programs/summer-camp,照片背板標示「TCRFC AND ROT WEISS AHLEN 國際足球合作備忘錄簽訂儀式 2025.7.2」，此國際合作與夏令營課程內容的具體關聯待客戶確認 「北美國際蒙特梭利教育機構」（NAMA）於 2026 年曾與磐石合作推出足球表現營（師資、場地、費用等資訊見該單位自有宣傳文件），是否列為磐石夏令營官方合作夥伴、是否逐年持續，待客戶確認後補上正式合作夥伴清單。,
zh/programs/summer-camp,梯次日期、地點與名額待補 —— 來源同上資料夾。客戶提供之歷史宣傳資料顯示曾有梯次於 2026 年 7 月分四週於安和國中舉行，惟屬合作單位自有梯次，非磐石官方現行公告，不採用為本頁資訊。,
zh/programs/summer-camp,早鳥優惠期間、名額與費用待補 —— 來源同上資料夾,
zh/programs/winter-camp,冬令營尚無任何客戶素材（文字、照片皆缺） —— 來源 TCRFC_資料收件夾/05_PROGRAMS_課程與活動/5.3_冬令營/ （資料夾目前為空）。 以下區塊結構與 5.2 夏令營相同，待客戶提供資料後套版。,TCRFC_資料收件夾/05_PROGRAMS_課程與活動/5.3_冬令營/ （資料夾目前為空
zh/programs/winter-camp,適合年齡、報名資格與每日課程內容待補,
zh/programs/winter-camp,冬令營授課教練名單待補,
zh/programs/winter-camp,合作單位待補,
zh/programs/winter-camp,梯次日期、地點與名額待補,
zh/programs/winter-camp,早鳥優惠期間、名額與費用待補,
zh/womens,本頁主視覺照片待補 —— 來源 TCRFC_資料收件夾/06_WOMENS_FOOTBALL_女子足球（介紹文、照片、女足官網網址）/ （目前資料夾為空）,TCRFC_資料收件夾/06_WOMENS_FOOTBALL_女子足球（介紹文、照片、女足官網網址
zh/womens,隊伍沿革、定位與代表性介紹文待補 —— 來源同上資料夾。可先參考 台中藍鯨官方網站 （新分頁開啟） 。,
zh/womens,圖片與影音素材待補 —— 來源同上資料夾（目前資料夾為空）,
