#sha256	3bd935802daff65791494bccd529b0c92d242e72fdf165b0a8c477c5d51e6052
achievements	3
ad_campaigns	2
ad_creatives	1
ad_daily_stats	28
ad_slots	2
ad_slots_i18n	4
advertisers	2
advertisers_i18n	4
app_announcements	1
app_announcements_i18n	2
app_credentials	3
app_deep_links	9
app_deep_links_i18n	18
app_feature_flags	4
app_layout_items	20
app_layout_items_i18n	40
app_releases	3
app_releases_i18n	6
article_tags	74
articles	86
articles_i18n	172
banners	4
banners_i18n	8
calendar_custom_events	8
calendar_custom_events_i18n	16
calendar_event_exceptions	1
calendar_event_teams	6
calendar_team_settings	3
calendar_team_settings_i18n	6
charities	2
charities_i18n	4
charity_program_partners	1
charity_program_sponsors	1
charity_programs	3
charity_programs_i18n	6
collections	4
collections_i18n	8
comic_characters	3
comic_characters_i18n	6
comic_episodes	3
comic_episodes_i18n	6
competitions	3
competitions_i18n	6
fan_events	4
fan_events_i18n	8
faq_category_links	24
faq_embed_slot_links	11
faqs	20
faqs_i18n	40
impact_metrics	3
impact_metrics_i18n	6
impact_records	2
impact_records_i18n	4
inventory_movements	11
invoice_donation_codes	2
match_teams	42
matches	42
matches_i18n	84
membership_benefits	6
membership_benefits_i18n	12
membership_plans	3
membership_plans_i18n	6
milestones	12
milestones_i18n	24
page_blocks	14
page_versions	7
pages	7
pages_i18n	14
partner_stores	6
partner_stores_i18n	12
partners	31
partners_i18n	44
players	56
players_i18n	90
press_resources	3
press_resources_i18n	6
product_variants	11
products	6
products_i18n	12
programs	18
programs_i18n	30
proposals	2
redirects	71
seasons	3
sessions	19
settings	80
settings_i18n	71
sponsor_activations	2
sponsor_activations_i18n	4
sponsor_package_links	4
sponsor_packages	9
sponsor_packages_i18n	18
sponsors	3
sponsors_i18n	6
staff	13
staff_i18n	26
staff_teams	9
standings	12
tags	5
tags_i18n	10
teams	4
teams_i18n	8
trials	3
trials_i18n	6
value_tag_links	17
venues	3
venues_i18n	6
